<refentry xml:id="zbarimg"
  xmlns:xlink="http://www.w3.org/1999/xlink">

  <refmeta>
    <refentrytitle>zbarimg</refentrytitle>
    <manvolnum>1</manvolnum>
  </refmeta>

  <refnamediv>
    <refname>zbarimg</refname>

    <refpurpose>scan and decode bar codes from image file(s)
    </refpurpose>
  </refnamediv>

  <refsynopsisdiv>
    <cmdsynopsis>
      <command>zbarimg</command>
      <arg><option>-qv</option></arg>
      <arg><option>--quiet</option></arg>
      <arg><option>--verbose<arg>=<replaceable
      class="parameter">n</replaceable></arg></option></arg>
      <sbr/>
      <group choice="req" rep="repeat">
        <arg choice="plain"><option>-dD</option></arg>
        <arg choice="plain"><option>--display</option></arg>
        <arg choice="plain"><option>--nodisplay</option></arg>
        <arg choice="plain"><option>--xml</option></arg>
        <arg choice="plain"><option>--noxml</option></arg>
        <arg choice="plain"><option>-S<optional><replaceable
            class="parameter">symbology</replaceable>.</optional><replaceable
            class="parameter">config</replaceable><optional>=<replaceable
            class="parameter">value</replaceable></optional></option></arg>
        <arg choice="plain"><option>--set <optional><replaceable
            class="parameter">symbology</replaceable>.</optional><replaceable
            class="parameter">config</replaceable><optional>=<replaceable
            class="parameter">value</replaceable></optional></option></arg>
        <arg choice="plain"><replaceable>image</replaceable></arg>
      </group>
    </cmdsynopsis>

    <cmdsynopsis>
      <command>zbarimg</command>
      <group choice="req">
        <arg choice="plain"><option>-h</option></arg>
        <arg choice="plain"><option>--help</option></arg>
        <arg choice="plain"><option>--version</option></arg>
      </group>
    </cmdsynopsis>
  </refsynopsisdiv>

  <refsection>
    <title>Description</title>

    <para>For each specified
    <filename><replaceable>image</replaceable></filename> file
    <command>zbarimg</command> scans the image for bar codes and
    prints any decoded data to stdout.  Images may optionally be
    displayed to the screen.</para>

    <para>The underlying library currently supports EAN-13 (including
    UPC and ISBN subsets), EAN-8, Code 128, Code 39, and Interleaved
    2 of 5 symbologies.  The specific type of each detected symbol is
    printed with the decoded data.</para>

    <para>Note that "<filename><replaceable>image</replaceable></filename>"

    in this context refers to any format supported by ImageMagick,
    including many vector formats such as PDF and PostScript.  Keep in
    mind that vector formats are rasterized before scanning; manually
    rasterize vector images before scanning to avoid unintentionally
    corrupting embedded barcode bitmaps.</para>

  </refsection>

  <refsection>
    <title>Options</title>

    <para>This program follows the usual GNU command line syntax.
    Single letter options may be bundled, long options start with two
    dashes (`-').</para>

    <variablelist>
      &refcommonoptions;

      <varlistentry>
        <term><option>-q</option></term>
        <term><option>--quiet</option></term>
        <listitem>
          <simpara>Quiet operation; only output decoded symbol data.
          specifically this disables the statistics line printed (to
          stderr) before exiting, as well as the warning message
          printed (also to stderr) when no barcodes are found in an
          image</simpara>
        </listitem>
      </varlistentry>

      <varlistentry>
        <term><option>-d</option></term>
        <term><option>--display</option></term>
        <term><option>-D</option></term>
        <term><option>--nodisplay</option></term>
        <listitem>
          <simpara>Enable/disable display of subsequent
          <filename><replaceable>image</replaceable></filename> files,
          until next <option>--display</option> or
          <option>--nodisplay</option> is encountered.  This option
          may appear multiple times to enable display of specific
          images.  Image display is disabled by default</simpara>
        </listitem>
      </varlistentry>

      <varlistentry>
        <term><option>--xml</option></term>
        <term><option>--noxml</option></term>
        <listitem>
          <simpara>Enable/disable result output using an XML format.
          This format wraps the raw data from the symbol with
          information about the scan (such as page indices) in an
          easy to parse format.  The latest schema is available from
          <link xlink:href="http://zbar.sourceforge.net/2008/barcode.xsd"/>.</simpara>
        </listitem>
      </varlistentry>

      <varlistentry>
        <term><option>--raw</option></term>
        <listitem>
          <simpara>Enable raw symbol data output.  This format prints symbol
          data separated by newlines without the additional symbology type
          information that is printed by default</simpara>
        </listitem>
      </varlistentry>

    </variablelist>
  </refsection>

  <refsection>
    <title>Examples</title>

    <para>Scan a PNG image of a UPC bar code symbol and pass
    resulting data to a script that searches for the code in a
    database and does something useful with it:

    <screen><command>zbarimg</command> <filename>product.png</filename> | <command>upcrpc.py</command></screen>

    The <command>upcrpc.py</command> example script included in the
    <filename>examples/</filename> subdirectory of the distribution
    will make an XMLRPC call to a popular internet UPC database and
    print the product description if found.</para>

    <para>Scan a JPEG image containing several barcodes and display
    the image in a window, also disabling recognition of Interleaved 2
    of 5 codes to prevent confusion with other symbologies or
    background noise:

      <screen><command>zbarimg</command> <option>--display</option> <option>-Si25.disable</option> <filename>label.jpg</filename></screen>
    </para>

    <para>Look in a scanned document only for Code 39, using XML
    output format so the page numbers are available.  To enable only
    Code 39, first all symbologies are disabled, then Code 39 is
    re-enabled:

      <screen><command>zbarimg</command> <option>--xml</option> <option>-Sdisable</option> <option>-Scode39.enable</option> <filename>scan.tiff</filename></screen>
    </para>
  </refsection>

  <refsection>
    <title>See Also</title>
    <para><xref linkend="zbarcam"/></para>
    <para><link xlink:href="http://zbar.sf.net/"/></para>
  </refsection>

  <refsection>
    <title>Bugs</title>

    <para>See <link xlink:href="http://sf.net/tracker/?group_id=189236&amp;atid=928515"/></para>

  </refsection>

</refentry>
