<?xml version='1.0'?>

<!DOCTYPE book PUBLIC "-//OASIS//DTD DocBook XML V4.4//EN"
  "file:///usr/share/sgml/docbook/xml-dtd-4.4/docbookx.dtd" [

  <!ENTITY version SYSTEM "version.xml">
  <!ENTITY date SYSTEM "reldate.xml">

  <!ENTITY refcommonoptions SYSTEM "ref/commonoptions.xml">
  <!ENTITY refzbarimg SYSTEM "ref/zbarimg.xml">
  <!ENTITY refzbarcam SYSTEM "ref/zbarcam.xml">
]>

<book>
  <title>ZBar Barcode Reader</title>
  <bookinfo>
    <productname>zbar-&version;</productname>
    <date>&date;</date>

    <author>
      <firstname>Jeff</firstname><surname>Brown</surname>
      <affiliation>
        <address><email>spadix@users.sourceforge.net</email></address>
      </affiliation>
      <contrib>Lead developer</contrib>
    </author>

    <copyright>
      <year>2007</year>
      <year>2008</year>
      <year>2009</year>
      <holder>Jeff Brown</holder>
    </copyright>
    <legalnotice><para>All Rights Reserved</para></legalnotice>
    <!-- <legalnotice><para>insert GNU FDL header?</para></legalnotice> -->
  </bookinfo>

  <chapter id="intro">
    <title>Introduction</title>
    <para></para>
  </chapter>

  <reference id="ref">
    <title>ZBar Barcode Reader - Command Reference</title>

    &refzbarcam;
    &refzbarimg;

  </reference>

  <!-- insert GNU FDL? -->

</book>
